{
	"format_version": "1.8.0",
	"animations": {
		"crocodile.walk": {
			"loop": true,
			"animation_length": 1.875,
			"bones": {
				"body": {
					"rotation": {
						"0.0": {
							"vector": [0, 0, 0]
						},
						"0.1667": {
							"vector": [0, 0, -2.5]
						},
						"0.3333": {
							"vector": [0, 0, -7.5]
						},
						"0.5": {
							"vector": [0, 0, -2.5]
						},
						"0.6667": {
							"vector": [0, 0, 0]
						},
						"1.0": {
							"vector": [0, 0, 0]
						},
						"1.1667": {
							"vector": [0, 0, 2.5]
						},
						"1.3333": {
							"vector": [0, 0, 7.5]
						},
						"1.5": {
							"vector": [0, 0, 2.5]
						},
						"1.6667": {
							"vector": [0, 0, 0]
						}
					}
				},
				"tail": {
					"rotation": {
						"0.0": {
							"vector": [0, 0, 0]
						},
						"0.1667": {
							"vector": [0, 2.5, 2.5]
						},
						"0.3333": {
							"vector": [0, 7.5, 7.5]
						},
						"0.5": {
							"vector": [0, 2.5, 2.5]
						},
						"0.6667": {
							"vector": [0, 0, 0]
						},
						"1.0": {
							"vector": [0, 0, 0]
						},
						"1.1667": {
							"vector": [0, -2.5, -2.5]
						},
						"1.3333": {
							"vector": [0, -7.5, -7.5]
						},
						"1.5": {
							"vector": [0, -2.5, -2.5]
						},
						"1.6667": {
							"vector": [0, 0, 0]
						}
					}
				},
				"left_arm": {
					"rotation": {
						"0.0": {
							"vector": [0, 0, 0]
						},
						"0.0833": {
							"vector": [0, 0, -15]
						},
						"0.1667": {
							"vector": [0, 0, -30]
						},
						"0.25": {
							"vector": [0, 0, -42.5]
						},
						"0.3333": {
							"vector": [-10, 0, -50]
						},
						"0.4167": {
							"vector": [-24.81197, 3.1622, -43.19577]
						},
						"0.5": {
							"vector": [-21.46872, 13.12479, -19.99865]
						},
						"0.5833": {
							"vector": [-13.32332, 3.5334, 0]
						},
						"0.6667": {
							"vector": [0, 0, 0]
						}
					},
					"position": {
						"0.0": {
							"vector": [0, 0, 2]
						},
						"0.2083": {
							"vector": [0, 0, 0]
						},
						"0.4167": {
							"vector": [0, 0, 0]
						},
						"1.0": {
							"vector": [0, 0, 2]
						}
					}
				},
				"left_leg": {
					"rotation": {
						"0.875": {
							"vector": [0, 0, 0]
						},
						"0.9583": {
							"vector": [0, 0, -15]
						},
						"1.0417": {
							"vector": [0, 0, -30]
						},
						"1.125": {
							"vector": [0, 0, -42.5]
						},
						"1.2083": {
							"vector": [-10, 0, -50]
						},
						"1.2917": {
							"vector": [-24.81197, 3.1622, -43.19577]
						},
						"1.375": {
							"vector": [-21.46872, 13.12479, -19.99865]
						},
						"1.4583": {
							"vector": [-13.32332, 3.5334, 0]
						},
						"1.5417": {
							"vector": [0, 0, 0]
						}
					},
					"position": {
						"0.875": {
							"vector": [0, 0, 1]
						},
						"1.0833": {
							"vector": [0, 0, 0]
						},
						"1.2917": {
							"vector": [0, 0, 0]
						},
						"1.875": {
							"vector": [0, 0, 1]
						}
					}
				},
				"right_arm": {
					"rotation": {
						"0.875": {
							"vector": [0, 0, 0]
						},
						"0.9583": {
							"vector": [0, 0, 15]
						},
						"1.0417": {
							"vector": [0, 0, 30]
						},
						"1.125": {
							"vector": [0, 0, 42.5]
						},
						"1.2083": {
							"vector": [-10, 0, 50]
						},
						"1.2917": {
							"vector": [-24.81197, -3.1622, 43.19577]
						},
						"1.375": {
							"vector": [-21.46872, -13.12479, 19.99865]
						},
						"1.4583": {
							"vector": [-13.32332, -3.5334, 0]
						},
						"1.5417": {
							"vector": [0, 0, 0]
						}
					},
					"position": {
						"0.875": {
							"vector": [0, 0, 2]
						},
						"1.0833": {
							"vector": [0, 0, 0]
						},
						"1.2917": {
							"vector": [0, 0, 0]
						},
						"1.875": {
							"vector": [0, 0, 2]
						}
					}
				},
				"right_leg": {
					"rotation": {
						"0.0": {
							"vector": [0, 0, 0]
						},
						"0.0833": {
							"vector": [0, 0, 15]
						},
						"0.1667": {
							"vector": [0, 0, 30]
						},
						"0.25": {
							"vector": [0, 0, 42.5]
						},
						"0.3333": {
							"vector": [-10, 0, 50]
						},
						"0.4167": {
							"vector": [-24.81197, -3.1622, 43.19577]
						},
						"0.5": {
							"vector": [-21.46872, -13.12479, 19.99865]
						},
						"0.5833": {
							"vector": [-13.32332, -3.5334, 0]
						},
						"0.6667": {
							"vector": [0, 0, 0]
						}
					},
					"position": {
						"0.0": {
							"vector": [0, 0, 1]
						},
						"0.2083": {
							"vector": [0, 0, 0]
						},
						"0.4167": {
							"vector": [0, 0, 0]
						},
						"1.0": {
							"vector": [0, 0, 1]
						}
					}
				},
				"head": {
					"rotation": {
						"vector": [-20, 0, 0]
					}
				},
				"Jaw": {
					"rotation": {
						"vector": [22.5, 0, 0]
					}
				}
			}
		}
	}
}