{
	"format_version": "1.8.0",
	"animations": {
		"alligator.idle": {
			"loop": true,
			"animation_length": 2,
			"bones": {
				"body": {
					"position": [0, -1, 0]
				},
				"tail": {
					"rotation": [0, "Math.cos((query.anim_time - 0.2) * 180) * -1", 0],
					"position": [0, 1, 0]
				},
				"head": {
					"rotation": [0, 0, "Math.cos((query.anim_time - 0.3) * 180) * 1"]
				}
			}
		},
		"alligator.walk": {
			"loop": true,
			"animation_length": 1.2917,
			"bones": {
				"body": {
					"rotation": [0, "Math.cos((query.anim_time - 0.3) * 280) * -1.25", "Math.cos((query.anim_time - 0.0) * 280) * 5"],
					"position": [0, "1+Math.cos((query.anim_time - 0.4) * 280) * 0.25", 0]
				},
				"tail": {
					"rotation": [-7.5, "Math.cos((query.anim_time - 0.3) * 280) * -8", "Math.cos((query.anim_time - 0.0) * 280) * -5"],
					"position": [-0.13073, 1.49429, 0.0003]
				},
				"left_arm": {
					"rotation": {
						"0.0": [0, 0, 0],
						"0.1667": [22.5, 0, 0],
						"0.5": [-45, 0, 0],
						"0.8333": [0, 0, 0],
						"1.2917": [0, 0, 0]
					},
					"position": {
						"0.0": [0, 0, 1],
						"0.0417": [0, 0.67, 0.87],
						"0.0833": [0, 1.2, 0.7],
						"0.1667": [0, 2.17, 0.44],
						"0.5": [0, 1, -1],
						"0.6667": [0, 0.5, -2.5],
						"0.8333": [0, 0, -2],
						"1.2917": [0, 0, 1]
					}
				},
				"left_leg": {
					"rotation": {
						"0.0": [-45, 0, 0],
						"0.3333": [0, 0, 0],
						"0.7917": [0, 0, 0],
						"1.0": [45, 0, 0],
						"1.2917": [-45, 0, 0]
					},
					"position": {
						"0.0": [0, 1, 1],
						"0.1667": [0, 0.5, -1.5],
						"0.3333": [0, 0, -3],
						"0.7917": [0, 0, 3],
						"0.8333": [0, 0.67, 3.87],
						"0.875": [0, 1.2, 3.7],
						"1.0": [0, 2.17, 0.44],
						"1.2917": [0, 1, 1]
					}
				},
				"right_arm": {
					"rotation": {
						"0.0": [-45, 0, 0],
						"0.3333": [0, 0, 0],
						"0.7917": [0, 0, 0],
						"0.9583": [22.5, 0, 0],
						"1.2917": [-45, 0, 0]
					},
					"position": {
						"0.0": [0, 1, -1],
						"0.1667": [0, 0.5, -2.5],
						"0.3333": [0, 0, -2],
						"0.7917": [0, 0, 1],
						"0.8333": [0, 0.67, 0.87],
						"0.875": [0, 1.2, 0.7],
						"0.9583": [0, 2.17, 0.44],
						"1.2917": [0, 1, -1]
					}
				},
				"right_leg": {
					"rotation": {
						"0.0": [0, 0, 0],
						"0.2083": [45, 0, 0],
						"0.5": [-45, 0, 0],
						"0.5417": [-45, 0, 0],
						"0.875": [0, 0, 0],
						"1.2917": [0, 0, 0]
					},
					"position": {
						"0.0": [0, 0, 3],
						"0.0417": [0, 0.67, 3.87],
						"0.0833": [0, 1.2, 3.7],
						"0.2083": [0, 2.17, 0.44],
						"0.5": [0, 1, 1],
						"0.5417": [0, 1, 1],
						"0.7083": [0, 0.5, -1.5],
						"0.875": [0, 0, -3],
						"1.2917": [0, 0, 3]
					}
				},
				"head": {
					"rotation": [0, "Math.cos((query.anim_time - 0.2) * 280) * 3", "Math.cos((query.anim_time - 0.0) * 280) * -4"]
				}
			}
		},
		"alligator.swim": {
			"loop": true,
			"animation_length": 1,
			"bones": {
				"root": {
					"rotation": [0, "math.cos(query.anim_time*360)*-5", 0]
				},
				"tail": {
					"rotation": [0, "Math.cos((query.anim_time - 0.3) * 360) * -16", 0],
					"position": [0, 1, 0]
				},
				"left_arm": {
					"rotation": [75, 0, 0]
				},
				"left_leg": {
					"rotation": [97.5, 0, 0]
				},
				"right_arm": {
					"rotation": [75, 0, 0]
				},
				"right_leg": {
					"rotation": [97.5, 0, 0]
				},
				"head": {
					"rotation": [0, "Math.sin((query.anim_time - 0.3) * 360) * -16", 0]
				}
			}
		},
		"alligator.death_roll": {
			"loop": true,
			"animation_length": 2,
			"bones": {
				"root": {
					"rotation": [0, 0, "Math.lerp((query.anim_time - 0.0) * 0.9) * -800"]
				},
				"body": {
					"rotation": [0, 0, -10]
				},
				"head": {
					"rotation": [0, 0, 42.5]
				},
				"tail": {
					"rotation": [2.52109, -7.20362, -0.31621],
					"position": [0, 2, 0]
				},
				"left_arm": {
					"rotation": [-16.32495, 15.69986, -2.26579]
				},
				"left_leg": {
					"rotation": [16.32495, -15.69986, -2.26579]
				},
				"right_arm": {
					"rotation": [-16.32495, 15.69986, 20.23421]
				},
				"right_leg": {
					"rotation": [9.00717, -20.70481, 43.35133]
				}
			}
		},
		"alligator.bite": {
			"animation_length": 0.41667,
			"bones": {
				"topjaw": {
					"rotation": {
						"0.0": {
							"post": [0, 0, 0],
							"lerp_mode": "catmullrom"
						},
						"0.125": {
							"post": [-30, 0, 0],
							"lerp_mode": "catmullrom"
						},
						"0.1667": [-22.27, 0, 0],
						"0.2083": [-10.71, 0, 0],
						"0.25": [0, 0, 0],
						"0.2917": [0, 0, 0],
						"0.3333": [0, 0, 0],
						"0.375": [0, 0, 0],
						"0.4167": [0, 0, 0]
					},
					"position": [0, 0, 0]
				},
				"botjaw": {
					"rotation": {
						"0.0": [0, 0, 0],
						"0.125": [36, 0, 0],
						"0.1667": [30.86, 0, 0],
						"0.2083": [16.07, 0, 0],
						"0.25": [0, 0, 0],
						"0.2917": [0, 0, 0],
						"0.3333": [0, 0, 0],
						"0.375": [0, 0, 0],
						"0.4167": [0, 0, 0]
					}
				},
				"body": {
					"position": {
						"0.0": {
							"post": [0, -1, 0],
							"lerp_mode": "catmullrom"
						},
						"0.125": {
							"post": [0, -1, 2],
							"lerp_mode": "catmullrom"
						},
						"0.25": {
							"post": [0, -1, -1],
							"lerp_mode": "catmullrom"
						},
						"0.2917": {
							"post": [0, -1, 0],
							"lerp_mode": "catmullrom"
						}
					}
				},
				"head": {
					"position": {
						"0.0": [0, 0, 0],
						"0.125": [0, 0, 1],
						"0.25": [0, 0, -1],
						"0.2917": [0, 0.43, 0],
						"0.3333": [0, -0.29, 0],
						"0.375": [0, 0, 0],
						"0.4167": [0, 0, 0]
					}
				},
				"tail": {
					"position": {
						"0.0": [0, 1, 0],
						"0.125": [0, 1, -2],
						"0.25": [0, 1, 0],
						"0.2917": [0, 1, 0]
					}
				}
			}
		},
		"alligator.mouth_open": {
			"animation_length": 2,
			"bones": {
				"topjaw": {
					"rotation": [-30, 0, 0]
				},
				"botjaw": {
					"rotation": [36, 0, 0]
				}
			}
		}
	},
	"geckolib_format_version": 2
}